x,y,z,qx,qy,qz,qw
0.04581093776290154,-0.06466320399692965,0.4110765312212361,-0.5002306045109041,0.5004629421431692,-0.4999978411349179,0.49930786566254015
-0.059479370914484984,-0.06461401222541027,0.34772574044431687,-0.4931173759601636,0.49335292662559993,-0.5070210293986316,0.5063277782856384
0.06692968786471787,-0.05686108530954876,0.34772574044431687,-0.6974050199282777,-0.013714768052011996,0.013769414779124163,0.7164136699789857
-0.029989774247330455,0.08254319827122339,0.34772574044431687,-0.16537877808426943,-0.677651618785963,0.6960401125335407,0.17019490315639468
0.06764395252461838,0.27077653611136576,0.06884278622939421,0.9689926464165803,-0.23629586686275247,-0.01791174064446322,0.0699763105719226
0.0696284490918152,0.24638484061523266,0.19647214161725507,-0.9650275218356761,0.2620940659642585,-0.0006196117356708615,0.005310251153569553
0.24762339852976695,0.06508658163164882,0.19647214161725507,-0.7078241730910215,0.706368428868388,-0.003172713482316489,0.004303089027210005
0.2785583089439196,0.06513526833139643,0.06897942938785234,-0.7078241730910215,0.706368428868388,-0.0031727134823166256,0.004303089027210132
0.04581093776290154,-0.06466320399692965,0.4110765312212361,-0.5002306045109041,0.5004629421431692,-0.4999978411349179,0.49930786566254015
